Fitur,Korelasi
NO2(t-1),0.5711528625966618
NO2(t-2),0.4095800952028129
